{"initial_reset_timestamp": 1586263582.5507474, "timestamps": [1586263601.3832438], "episode_lengths": [463], "episode_rewards": [[-1.0, 0.0, -1.0]], "episode_types": ["t"]}