{"initial_reset_timestamp": 1608032809.3043525, "timestamps": [1608032816.186464], "episode_lengths": [169], "episode_rewards": [[5831.0, -169.0, -169.0, -169.0]], "episode_types": ["t"]}