{"initial_reset_timestamp": 1607529433.7872336, "timestamps": [1607529467.7453094], "episode_lengths": [844], "episode_rewards": [[4371.833333333333, -1624.0]], "episode_types": ["t"]}