{"initial_reset_timestamp": 1607528975.7420201, "timestamps": [1607529009.7103648], "episode_lengths": [844], "episode_rewards": [[4371.833333333333, -1624.0]], "episode_types": ["t"]}