{"initial_reset_timestamp": 1607529051.1009417, "timestamps": [1607529085.1186643], "episode_lengths": [844], "episode_rewards": [[4371.833333333333, -1624.0]], "episode_types": ["t"]}