{"initial_reset_timestamp": 1607529672.1911309, "timestamps": [1607529706.1202953], "episode_lengths": [844], "episode_rewards": [[4371.833333333333, -1624.0]], "episode_types": ["t"]}